{
  "IcoMoonType": "selection",
  "icons": [
    {
      "icon": {
        "paths": [
          "M1034.24 510.976c0 282.77-229.23 512-512 512s-512-229.23-512-512c0-282.77 229.23-512 512-512s512 229.23 512 512z",
          "M697.344 674.816h55.296v43.008h-84.992l-139.264-210.944h-74.752v166.912h73.728v43.008h-184.32v-43.008h62.464v-369.664l-63.488-8.192v-40.96c23.552 5.12 45.056 9.216 70.656 9.216 38.912 0 79.872-9.216 118.784-9.216 76.8 0 147.456 34.816 147.456 119.808 0 65.536-38.912 107.52-100.352 124.928l118.784 175.104zM452.608 465.92l39.936 1.024c98.304 2.048 136.192-35.84 136.192-86.016 0-58.368-41.984-81.92-96.256-81.92-25.6 0-51.2 2.048-79.872 5.12-0-0-0 161.792-0 161.792z"
        ],
        "attrs": [
          {
            "fill": "rgb(78, 78, 78)"
          },
          {
            "fill": "rgb(255, 255, 255)"
          }
        ],
        "isMulticolor": true,
        "isMulticolor2": false,
        "grid": 0,
        "tags": [
          "rstudio"
        ],
        "colorPermutations": {
          "255255255178787817878781": [
            {
              "f": 1
            },
            {
              "f": 2
            }
          ]
        }
      },
      "attrs": [
        {
          "fill": "rgb(78, 78, 78)"
        },
        {
          "fill": "rgb(255, 255, 255)"
        }
      ],
      "properties": {
        "order": 7,
        "id": 1,
        "name": "rstudio",
        "prevSize": 32,
        "code": 59648,
        "codes": [
          59648,
          59649
        ]
      },
      "setIdx": 2,
      "setId": 3,
      "iconIdx": 1
    },
    {
      "icon": {
        "paths": [
          "M659.764 886.987c-363.463 0-658.111-197.333-658.111-440.754 0-243.424 294.647-440.756 658.111-440.756 363.465 0 658.111 197.333 658.111 440.756 0 243.422-294.646 440.754-658.111 440.754zM760.5 177.796c-276.265 0-500.221 134.905-500.221 301.319s223.957 301.319 500.221 301.319c276.263 0 480.141-92.231 480.141-301.319 0-209.022-203.878-301.319-480.141-301.319z",
          "M1003.922 688.143c0 0 39.832 12.020 62.973 23.729 8.030 4.063 21.922 12.171 31.943 22.816 9.817 10.426 14.602 20.991 14.602 20.991l156.977 264.67-253.718 0.113-118.645-222.801c0 0-24.295-41.743-39.244-53.847-12.471-10.096-17.788-13.69-30.118-13.69-8.583 0-60.283 0-60.283 0l0.047 290.177-224.513 0.095v-741.237h450.852c0 0 205.348 3.704 205.348 199.072s-196.221 209.911-196.221 209.911zM906.267 439.944l-135.918-0.088-0.068 126.038 135.986-0.044c0 0 62.973-0.195 62.973-64.114 0-65.204-62.973-61.792-62.973-61.792z"
        ],
        "attrs": [
          {},
          {}
        ],
        "width": 1322,
        "isMulticolor": false,
        "isMulticolor2": false,
        "grid": 0,
        "tags": [
          "R_logo"
        ]
      },
      "attrs": [
        {},
        {}
      ],
      "properties": {
        "order": 9,
        "id": 0,
        "name": "r",
        "prevSize": 32,
        "code": 59650
      },
      "setIdx": 3,
      "setId": 2,
      "iconIdx": 0
    }
  ],
  "height": 1024,
  "metadata": {
    "name": "icomoon"
  },
  "preferences": {
    "showGlyphs": true,
    "showQuickUse": true,
    "showQuickUse2": true,
    "showSVGs": true,
    "fontPref": {
      "prefix": "icon-",
      "metadata": {
        "fontFamily": "icomoon"
      },
      "metrics": {
        "emSize": 1024,
        "baseline": 6.25,
        "whitespace": 50
      },
      "embed": false
    },
    "imagePref": {
      "prefix": "icon-",
      "png": true,
      "useClassSelector": true,
      "color": 0,
      "bgColor": 16777215,
      "classSelector": ".icon"
    },
    "historySize": 50,
    "showCodes": true,
    "gridSize": 16,
    "showLiga": false
  }
}