{
  "IcoMoonType": "selection",
  "icons": [
    {
      "icon": {
        "paths": [
          "M511.226 802.563c-281.634 0-509.945-152.906-509.945-341.524 0-188.62 228.311-341.525 509.945-341.525 281.635 0 509.945 152.906 509.945 341.525 0 188.618-228.31 341.524-509.945 341.524zM589.282 253.038c-214.067 0-387.602 104.533-387.602 233.48s173.535 233.48 387.602 233.48c214.066 0 372.043-71.466 372.043-233.48 0-161.963-157.977-233.48-372.043-233.48z",
          "M777.901 648.486c0 0 30.864 9.314 48.796 18.387 6.222 3.148 16.987 9.431 24.751 17.68 7.606 8.079 11.315 16.265 11.315 16.265l121.635 205.083-196.597 0.088-91.934-172.64c0 0-18.825-32.345-30.409-41.724-9.663-7.823-13.783-10.608-23.337-10.608-6.65 0-46.711 0-46.711 0l0.037 224.847-173.967 0.074v-574.357h349.348c0 0 159.116 2.87 159.116 154.253s-152.044 162.652-152.044 162.652zM702.232 456.167l-105.318-0.068-0.052 97.662 105.37-0.034c0 0 48.796-0.151 48.796-49.68 0-50.524-48.796-47.88-48.796-47.88z"
        ],
        "attrs": [
          {},
          {}
        ],
        "isMulticolor": false,
        "isMulticolor2": false,
        "grid": 0,
        "tags": [
          "R_logo"
        ]
      },
      "attrs": [
        {},
        {}
      ],
      "properties": {
        "order": 13,
        "id": 1,
        "name": "r",
        "prevSize": 32,
        "code": 59650
      },
      "setIdx": 0,
      "setId": 6,
      "iconIdx": 0
    },
    {
      "icon": {
        "paths": [
          "M1034.24 510.976c0 282.77-229.23 512-512 512s-512-229.23-512-512c0-282.77 229.23-512 512-512s512 229.23 512 512z",
          "M697.344 674.816h55.296v43.008h-84.992l-139.264-210.944h-74.752v166.912h73.728v43.008h-184.32v-43.008h62.464v-369.664l-63.488-8.192v-40.96c23.552 5.12 45.056 9.216 70.656 9.216 38.912 0 79.872-9.216 118.784-9.216 76.8 0 147.456 34.816 147.456 119.808 0 65.536-38.912 107.52-100.352 124.928l118.784 175.104zM452.608 465.92l39.936 1.024c98.304 2.048 136.192-35.84 136.192-86.016 0-58.368-41.984-81.92-96.256-81.92-25.6 0-51.2 2.048-79.872 5.12-0-0-0 161.792-0 161.792z"
        ],
        "attrs": [
          {
            "fill": "rgb(78, 78, 78)"
          },
          {
            "fill": "rgb(255, 255, 255)"
          }
        ],
        "isMulticolor": true,
        "isMulticolor2": false,
        "grid": 0,
        "tags": [
          "rstudio"
        ],
        "colorPermutations": {
          "255255255178787817878781": [
            {
              "f": 1
            },
            {
              "f": 2
            }
          ]
        }
      },
      "attrs": [
        {
          "fill": "rgb(78, 78, 78)"
        },
        {
          "fill": "rgb(255, 255, 255)"
        }
      ],
      "properties": {
        "order": 7,
        "id": 1,
        "name": "rstudio",
        "prevSize": 32,
        "code": 59648,
        "codes": [
          59648,
          59649
        ]
      },
      "setIdx": 3,
      "setId": 3,
      "iconIdx": 1
    }
  ],
  "height": 1024,
  "metadata": {
    "name": "icomoon"
  },
  "preferences": {
    "showGlyphs": true,
    "showQuickUse": true,
    "showQuickUse2": true,
    "showSVGs": true,
    "fontPref": {
      "prefix": "icon-",
      "metadata": {
        "fontFamily": "icomoon"
      },
      "metrics": {
        "emSize": 1024,
        "baseline": 6.25,
        "whitespace": 50
      },
      "embed": false,
      "resetPoint": 59648
    },
    "imagePref": {
      "prefix": "icon-",
      "png": true,
      "useClassSelector": true,
      "color": 0,
      "bgColor": 16777215,
      "classSelector": ".icon"
    },
    "historySize": 50,
    "showCodes": true,
    "gridSize": 16,
    "showLiga": false
  }
}